Source,Median,Average
Non-Native,-2.7944365739822388,-3.152609
Flamish,-2.4741400480270386,-2.720112
